<BackupInst xmlns="http://www.microsoft.com/GroupPolicy/GPOOperations/Manifest"><GPOGuid><![CDATA[{b347b7ff-1d4b-4671-a03a-723df87d6d78}]]></GPOGuid><GPODomain><![CDATA[training.democloud.local]]></GPODomain><GPODomainGuid><![CDATA[{63e0ce25-60e1-4286-bc1f-97e72bbd1bd7}]]></GPODomainGuid><GPODomainController><![CDATA[dc-01.training.democloud.local]]></GPODomainController><BackupTime><![CDATA[2022-12-08T11:37:28]]></BackupTime><ID><![CDATA[{ACFD09E4-D43D-4C2C-8734-3FA90BE65BEE}]]></ID><Comment><![CDATA[]]></Comment><GPODisplayName><![CDATA[GPO_C_deviceTRUST_Basic]]></GPODisplayName></BackupInst>
