<BackupInst xmlns="http://www.microsoft.com/GroupPolicy/GPOOperations/Manifest"><GPOGuid><![CDATA[{86ade2d6-10a3-42b4-94b9-48bfa6bbeff4}]]></GPOGuid><GPODomain><![CDATA[demo.devicetrust.local]]></GPODomain><GPODomainGuid><![CDATA[{513d9172-fa8f-4685-b46e-99946247f252}]]></GPODomainGuid><GPODomainController><![CDATA[DTLDAD01.demo.devicetrust.local]]></GPODomainController><BackupTime><![CDATA[2023-03-06T13:13:55]]></BackupTime><ID><![CDATA[{96471121-71EA-45C6-B35B-D324D73F6970}]]></ID><Comment><![CDATA[]]></Comment><GPODisplayName><![CDATA[GPO_C_deviceTRUST_Geolocation_Google]]></GPODisplayName></BackupInst>
