<Backups xmlns="http://www.microsoft.com/GroupPolicy/GPOOperations/Manifest" xmlns:mfst="http://www.microsoft.com/GroupPolicy/GPOOperations/Manifest" mfst:version="1.0"><BackupInst><GPOGuid><![CDATA[{4fbdf4b9-b9bc-4c27-87a7-9aaf873c38cb}]]></GPOGuid><GPODomain><![CDATA[training.democloud.local]]></GPODomain><GPODomainGuid><![CDATA[{63e0ce25-60e1-4286-bc1f-97e72bbd1bd7}]]></GPODomainGuid><GPODomainController><![CDATA[dc-01.training.democloud.local]]></GPODomainController><BackupTime><![CDATA[2022-12-08T11:37:28]]></BackupTime><ID><![CDATA[{E1F48529-6BD9-427F-9367-19B1BE1897E1}]]></ID><Comment><![CDATA[]]></Comment><GPODisplayName><![CDATA[GPO_C_PowerSettings]]></GPODisplayName></BackupInst></Backups>