<BackupInst xmlns="http://www.microsoft.com/GroupPolicy/GPOOperations/Manifest"><GPOGuid><![CDATA[{d7677fa8-d056-44b3-bf08-b16a15335bc9}]]></GPOGuid><GPODomain><![CDATA[training.democloud.local]]></GPODomain><GPODomainGuid><![CDATA[{63e0ce25-60e1-4286-bc1f-97e72bbd1bd7}]]></GPODomainGuid><GPODomainController><![CDATA[dc-01.training.democloud.local]]></GPODomainController><BackupTime><![CDATA[2022-12-08T11:37:28]]></BackupTime><ID><![CDATA[{1BD84856-5819-4F64-8EA1-600D1EB32CA3}]]></ID><Comment><![CDATA[]]></Comment><GPODisplayName><![CDATA[GPO_C_DisableServerManagerOnStartup]]></GPODisplayName></BackupInst>
