<Backups xmlns="http://www.microsoft.com/GroupPolicy/GPOOperations/Manifest" xmlns:mfst="http://www.microsoft.com/GroupPolicy/GPOOperations/Manifest" mfst:version="1.0"><BackupInst><GPOGuid><![CDATA[{666696cd-4e34-4d83-8adb-e6a24cb6baaa}]]></GPOGuid><GPODomain><![CDATA[demo.devicetrust.local]]></GPODomain><GPODomainGuid><![CDATA[{513d9172-fa8f-4685-b46e-99946247f252}]]></GPODomainGuid><GPODomainController><![CDATA[DTLDAD01.demo.devicetrust.local]]></GPODomainController><BackupTime><![CDATA[2023-03-06T13:13:48]]></BackupTime><ID><![CDATA[{0EC533FD-1488-4482-884F-F78695D8DF78}]]></ID><Comment><![CDATA[]]></Comment><GPODisplayName><![CDATA[GPO_C_PowerSettings]]></GPODisplayName></BackupInst></Backups>