<BackupInst xmlns="http://www.microsoft.com/GroupPolicy/GPOOperations/Manifest"><GPOGuid><![CDATA[{0ef95fab-bf31-4b75-9f32-f191df442b57}]]></GPOGuid><GPODomain><![CDATA[training.democloud.local]]></GPODomain><GPODomainGuid><![CDATA[{63e0ce25-60e1-4286-bc1f-97e72bbd1bd7}]]></GPODomainGuid><GPODomainController><![CDATA[dc-01.training.democloud.local]]></GPODomainController><BackupTime><![CDATA[2022-12-08T11:37:25]]></BackupTime><ID><![CDATA[{5D090679-72A5-4BB9-8E0F-55BAEB43177A}]]></ID><Comment><![CDATA[]]></Comment><GPODisplayName><![CDATA[GPO_U_Optics_User]]></GPODisplayName></BackupInst>
