<Backups xmlns="http://www.microsoft.com/GroupPolicy/GPOOperations/Manifest" xmlns:mfst="http://www.microsoft.com/GroupPolicy/GPOOperations/Manifest" mfst:version="1.0"><BackupInst><GPOGuid><![CDATA[{f0f0afc4-7eb5-4e8f-957e-8bf9115e36a4}]]></GPOGuid><GPODomain><![CDATA[training.democloud.local]]></GPODomain><GPODomainGuid><![CDATA[{63e0ce25-60e1-4286-bc1f-97e72bbd1bd7}]]></GPODomainGuid><GPODomainController><![CDATA[dc-01.training.democloud.local]]></GPODomainController><BackupTime><![CDATA[2022-12-08T11:37:28]]></BackupTime><ID><![CDATA[{03CEF67E-A0F2-41C0-8C8C-36F613A263F6}]]></ID><Comment><![CDATA[]]></Comment><GPODisplayName><![CDATA[GPO_C_IPv6]]></GPODisplayName></BackupInst></Backups>