<BackupInst xmlns="http://www.microsoft.com/GroupPolicy/GPOOperations/Manifest"><GPOGuid><![CDATA[{1819cd37-27a1-497e-b506-9038b144746c}]]></GPOGuid><GPODomain><![CDATA[demo.devicetrust.local]]></GPODomain><GPODomainGuid><![CDATA[{513d9172-fa8f-4685-b46e-99946247f252}]]></GPODomainGuid><GPODomainController><![CDATA[DTLDAD01.demo.devicetrust.local]]></GPODomainController><BackupTime><![CDATA[2023-03-06T13:13:37]]></BackupTime><ID><![CDATA[{14534ED4-515E-403B-A2B9-BB4CE69812C8}]]></ID><Comment><![CDATA[]]></Comment><GPODisplayName><![CDATA[GPO_C_RegionSettings]]></GPODisplayName></BackupInst>
