<Backups xmlns="http://www.microsoft.com/GroupPolicy/GPOOperations/Manifest" xmlns:mfst="http://www.microsoft.com/GroupPolicy/GPOOperations/Manifest" mfst:version="1.0"><BackupInst><GPOGuid><![CDATA[{2321a15d-f4de-4cce-98c8-4faf48edd009}]]></GPOGuid><GPODomain><![CDATA[training.democloud.local]]></GPODomain><GPODomainGuid><![CDATA[{63e0ce25-60e1-4286-bc1f-97e72bbd1bd7}]]></GPODomainGuid><GPODomainController><![CDATA[dc-01.training.democloud.local]]></GPODomainController><BackupTime><![CDATA[2022-12-08T11:37:28]]></BackupTime><ID><![CDATA[{218E09C9-3ED9-442A-A338-523C3D3EB765}]]></ID><Comment><![CDATA[]]></Comment><GPODisplayName><![CDATA[GPO_C_LoopbackProcessing]]></GPODisplayName></BackupInst></Backups>