<BackupInst xmlns="http://www.microsoft.com/GroupPolicy/GPOOperations/Manifest"><GPOGuid><![CDATA[{65b102d2-91d9-4193-8ee8-3f043807ee57}]]></GPOGuid><GPODomain><![CDATA[training.democloud.local]]></GPODomain><GPODomainGuid><![CDATA[{63e0ce25-60e1-4286-bc1f-97e72bbd1bd7}]]></GPODomainGuid><GPODomainController><![CDATA[dc-01.training.democloud.local]]></GPODomainController><BackupTime><![CDATA[2022-12-08T11:37:28]]></BackupTime><ID><![CDATA[{3994E003-EE5A-4FB9-ABFA-F717376438B6}]]></ID><Comment><![CDATA[]]></Comment><GPODisplayName><![CDATA[GPO_C_NewsAndInterests]]></GPODisplayName></BackupInst>
